pond,date,time,temp_c,do_perc,ph,orp,cond,turb,chla,nh4,no3,par,depth
TXH,4/28/2022,12:35:21,NA,91.4,8.23,220.9,61.5,0.08,7.4,0.5,0.9,NA,0.25
TXH,4/28/2022,12:36:03,NA,86.3,7.88,269.8,61.5,-0.05,8.63,0.5,0.3,NA,0.5
TXH,4/28/2022,12:36:25,NA,82.2,7.78,280.3,61.6,0.02,10.8,0.5,0.3,NA,0.75
TXH,4/28/2022,12:36:55,NA,79,7.66,285.4,61.4,0.15,15.35,0.5,0.2,NA,1
TXH,4/28/2022,12:37:17,NA,77.5,7.58,288.6,61.5,0.18,22.49,0.5,0.2,NA,1.25
TXH,4/28/2022,12:37:43,NA,75.9,7.49,290.9,61.5,0.41,23.18,0.5,0.1,NA,1.5
TXH,4/28/2022,12:37:57,NA,75.2,7.45,291.5,61.6,0.19,28.64,0.5,0.1,NA,1.75
TXH,4/28/2022,12:38:11,NA,74.7,7.42,292.1,61.9,0.27,37.32,0.5,0.1,NA,2
TXH,4/28/2022,12:38:37,NA,73,7.36,293.4,62,0.32,42.01,0.6,0.1,NA,2.25
TXH,4/28/2022,12:39:03,NA,71.4,7.31,294.1,62.8,0.57,44.38,0.6,0.1,NA,2.5
TXH,4/28/2022,12:39:49,NA,67.6,7.19,295.7,63.7,0.56,51.01,0.6,0.1,NA,3
TXH,4/28/2022,12:40:27,NA,55.7,7.07,296,65.7,2.07,59.33,0.6,0.1,NA,3.5
TXH,4/28/2022,12:41:19,NA,30.2,6.48,230.6,157,3902,17.8,12,0,NA,4
TXH,6/6/2022,11:11:32,22.88,86.6,6.84,207.6,54.7,0.48,16.78,0.3,0.1,3653.8,0.25
TXH,6/6/2022,11:12:02,22.58,85.7,6.81,208.4,54.4,1.04,42.73,0.3,0.1,1094.3,0.5
TXH,6/6/2022,11:12:24,22.03,85.8,6.76,212,54.6,0.73,50.84,0.3,0.1,703.2,0.75
TXH,6/6/2022,11:12:54,21.45,72.8,6.61,217.3,55.8,0.91,105.98,0.4,0.1,381.8,1
TXH,6/6/2022,11:13:32,20.73,63.2,6.47,222.5,55.7,0.56,95.87,0.4,0,206.2,1.25
TXH,6/6/2022,11:14:00,19.94,56.8,6.42,224.9,55.4,0.74,133.51,0.4,0,183.8,1.5
TXH,6/6/2022,11:14:24,18.19,49.6,6.38,226.5,58.8,0.92,117.32,0.6,0,62.3,1.75
TXH,6/6/2022,11:14:56,16.66,33.7,6.36,227.7,60.8,1.39,96.61,0.6,0,74.4,2
TXH,6/6/2022,11:15:22,15.37,23.6,6.35,229,61.5,2.52,71.98,0.6,0,74.6,2.25
TXH,6/6/2022,11:15:44,14.1,16.7,6.34,229.7,64.2,2.74,105.21,0.6,0,52.3,2.5
TXH,6/6/2022,11:16:08,12.75,11.1,6.32,231.5,68.1,4.01,107.27,0.7,0,28.5,2.75
TXH,6/6/2022,11:16:38,11.65,6.7,6.27,233.2,72.6,6.54,138.85,0.7,0,17.1,3
TXH,6/6/2022,11:17:22,11.19,2.8,6.18,112.1,78.9,6.82,133.92,0.8,0,4.3,3.25
TXH,6/6/2022,11:17:54,10.63,1.8,6.1,52.2,89.7,10.34,110.36,0.8,0,6.2,3.5
TXH,6/6/2022,11:18:14,10.2,1.4,6.04,23.1,108.1,1443,27.23,4.3,0.1,0,3.75
TXH,6/6/2022,11:18:42,9.94,0.9,6.03,4.8,171.7,3880,13.8,4.5,0.2,-4.7,3.9
TXH,6/15/2022,12:45:57,24.78,96,7.09,193.4,52,0.62,30.77,0.3,0.1,3490.1,0.25
TXH,6/15/2022,12:47:05,23.16,93,7.04,198.8,51.9,0.79,49.4,0.2,0.1,1337,0.5
TXH,6/15/2022,12:47:40,22.51,89.1,7,202,52.2,0.74,73.29,0.2,0.1,586.4,0.75
TXH,6/15/2022,12:48:08,21.75,85.5,6.95,204.9,52.7,1.01,89.54,0.2,0.1,506.2,1
TXH,6/15/2022,12:49:10,21.04,69.3,6.77,214,53.1,0.8,98.49,0.3,0,84.9,1.25
TXH,6/15/2022,12:49:48,20.15,62.3,6.68,220.1,53.1,1.39,167.98,0.3,0,109.4,1.5
TXH,6/15/2022,12:50:25,19.21,51.2,6.58,225.2,52.9,3.2,175.85,0.4,0,72,1.75
TXH,6/15/2022,12:51:01,18.02,35.1,6.52,228.6,57.9,2.79,126.28,0.5,0,83,2
TXH,6/15/2022,12:51:31,16.35,26.5,6.5,230.6,61.4,3.8,141.58,0.6,0,75.7,2.25
TXH,6/15/2022,12:52:13,15.33,17.7,6.48,233.6,63.3,3.33,118.54,0.6,0,53.7,2.5
TXH,6/15/2022,12:52:39,13.76,13.2,6.44,236.2,69.7,5.38,164.47,0.7,0,33.7,2.75
TXH,6/15/2022,12:53:17,12.67,7.1,6.35,240.4,75.1,6.23,205.33,0.7,0,23.3,3
TXH,6/15/2022,12:53:39,11.96,5.2,6.27,221.3,84.4,9.43,126.63,0.8,0,11.1,3.25
TXH,6/15/2022,12:54:11,11.55,3.3,6.2,115.9,94.2,271.2,188.41,0.9,0,4.2,3.5
TXH,6/15/2022,12:54:33,11.21,2.7,6.18,70.6,119.1,71.63,180.38,1.9,0,-3.4,3.75
TXH,6/15/2022,12:55:03,10.98,2.1,6.14,42.7,132.3,49.38,212.87,2.2,0,-4.6,4
TXH,6/30/2022,10:50:27,23.93,91.5,7.83,148.8,53.2,0.89,30.29,0.2,0,3321.9,0.25
TXH,6/30/2022,10:51:23,23.49,85.6,7.47,156.7,53.1,0.9,49.59,0.2,0,105.5,0.5
TXH,6/30/2022,10:51:47,22.85,83,7.41,158.5,53.1,0.98,87.15,0.2,0,625.2,0.75
TXH,6/30/2022,10:52:05,22.62,79.8,7.33,160.7,53.6,1.05,117.81,0.2,0,84.5,1
TXH,6/30/2022,10:52:23,22.34,73.3,7.26,163.7,53.4,1.32,126.28,0.2,0,40.9,1.25
TXH,6/30/2022,10:53:11,21.46,58.5,7.06,174.8,53.5,1.09,131.08,0.2,0,104.9,1.5
TXH,6/30/2022,10:53:35,20.86,54.4,6.98,179.8,54,1.46,154.01,0.3,0,78.9,1.75
TXH,6/30/2022,10:54:21,19.27,44.2,6.87,186.8,53.9,2.11,132.45,0.4,0,87.3,2
TXH,6/30/2022,10:54:45,17.82,39.9,6.82,190.5,57,4.57,159.65,0.5,0,33.2,2.25
TXH,6/30/2022,10:55:04,16.32,31,6.76,194.3,63.9,7.36,146.83,0.5,0,37.4,2.5
TXH,6/30/2022,10:55:24,15.15,20.6,6.7,197.7,71.2,8.4,270.49,0.6,0,18.1,2.75
TXH,6/30/2022,10:55:48,13.68,13.1,6.58,204,83.6,20.71,435.54,0.7,0,8.4,3
TXH,6/30/2022,10:56:06,12.87,9.7,6.46,183.7,108,30.35,185.02,0.7,0,-1.6,3.25
TXH,6/30/2022,10:56:30,11.88,6.7,6.38,49.1,117.6,42.11,120.66,0.7,0,-5.9,3.5
TXH,6/30/2022,10:57:08,12.25,4.3,6.34,-23.6,129.5,43.91,167.98,0.9,0,-5.8,3.75
TXH,7/6/2022,10:54:20,23.57,84.3,7.4,111,54.1,0.08,76.05,0.1,0.2,708.2,0.25
TXH,7/6/2022,10:55:48,23.56,73.7,7.03,128,54.2,0.21,91.74,0.1,0.1,6,0.5
TXH,7/6/2022,10:56:14,23.52,69.8,6.95,132.8,54.3,0.2,89.92,0.1,0.1,100.2,0.75
TXH,7/6/2022,10:56:34,23.43,66,6.84,138.2,54.5,0.12,99.35,0.1,0,44.1,1
TXH,7/6/2022,10:57:12,23.21,56,6.7,145.7,55.3,0.25,63.08,0.1,0,26.9,1.25
TXH,7/6/2022,10:57:28,22.68,51.2,6.62,150.2,55.6,0.36,74.63,0.2,0,15.5,1.5
TXH,7/6/2022,10:57:44,21.64,46.7,6.55,153.6,56.4,0.89,94.84,0.3,0,13.7,1.75
TXH,7/6/2022,10:58:34,20.14,29.1,6.38,161.1,56,2.29,122.95,0.3,0,4.9,2
TXH,7/6/2022,10:59:02,18.18,21,6.33,164.3,59.3,6.66,220.37,0.5,0,7.5,2.25
TXH,7/6/2022,10:59:28,17.08,13.1,6.29,166.9,63.9,9.37,271.07,0.5,0,2.7,2.5
TXH,7/6/2022,11:00:04,15.69,7.1,6.21,166.3,75.9,11.43,339.03,0.6,0,-0.8,2.75
TXH,7/6/2022,11:00:20,14.41,5.5,6.15,151.3,90.8,17.77,260.89,0.7,0,-5.1,3
TXH,7/6/2022,11:00:51,13.37,3.3,6.1,34.3,114.3,25.65,161.56,0.7,0,-3.8,3.25
TXH,7/6/2022,11:01:09,12.33,2.5,6.07,9.1,126.4,40.32,168.32,0.8,0,-4.3,3.5
TXH,7/6/2022,11:01:37,12.55,1.7,6.04,-5.2,152.7,409.4,92.87,3.4,0.1,-5.2,3.75
TXH,7/6/2022,11:01:55,12.42,1.3,6.04,-7.6,151.2,977.1,70.46,4.2,0.1,-6,4
TXH,7/11/2022,11:01:44 AM,25.56,88.6,7.28,NA,54.8,NA,NA,NA,NA,NA,0.25
TXH,7/11/2022,11:03:36 AM,24.2,89.6,7.11,NA,54.7,NA,NA,NA,NA,NA,0.5
TXH,7/11/2022,11:04:26 AM,23.8,85.2,7.02,NA,54.6,NA,NA,NA,NA,NA,0.75
TXH,7/11/2022,11:05:27 AM,23.25,80.1,6.89,NA,54.8,NA,NA,NA,NA,NA,1
TXH,7/11/2022,11:06:46 AM,22.98,19.4,6.75,NA,54.8,NA,NA,NA,NA,NA,1.25
TXH,7/11/2022,11:07:33 AM,22.61,19.4,6.69,NA,55.2,NA,NA,NA,NA,NA,1.5
TXH,7/11/2022,11:08:30 AM,22.15,19.4,6.7,NA,55.6,NA,NA,NA,NA,NA,1.75
TXH,7/11/2022,11:09:20 AM,21.17,19.4,6.55,NA,56.6,NA,NA,NA,NA,NA,2
TXH,7/11/2022,11:10:16 AM,19.39,19.4,6.51,NA,56.5,NA,NA,NA,NA,NA,2.25
TXH,7/11/2022,11:11:22 AM,18.62,8.4,6.46,NA,58.8,NA,NA,NA,NA,NA,2.5
TXH,7/11/2022,11:12:37 AM,16.4,0.2,6.41,NA,72.5,NA,NA,NA,NA,NA,2.75
TXH,7/11/2022,11:13:33 AM,14.82,0.2,6.43,NA,96.6,NA,NA,NA,NA,NA,3
TXH,7/11/2022,11:14:28 AM,13.38,0.2,6.36,NA,123.5,NA,NA,NA,NA,NA,3.25
TXH,7/11/2022,11:15:06 AM,12.68,0.2,6.28,NA,138.7,NA,NA,NA,NA,NA,3.5
TXH,7/11/2022,11:15:53 AM,12.32,0.2,6.31,NA,175.7,NA,NA,NA,NA,NA,3.75
TXH,7/11/2022,11:18:01 AM,13.1,0.2,6.36,NA,176.1,NA,NA,NA,NA,NA,4
TXH,7/19/2022,12:37:29,24.64,NA,7.34,114.6,56.5,0.57,54.47,0.1,0.1,1472.6,0.5
TXH,7/19/2022,12:39:05,24.02,NA,7.15,133.4,56.3,0.74,79.1,0.1,0.1,81.4,0.75
TXH,7/19/2022,12:40:50,23.68,NA,6.96,148,56.9,0.64,124.67,0.1,0.1,65.7,1
TXH,7/19/2022,12:43:04,23.44,NA,6.72,164.3,56.9,0.66,125.49,0.1,0,73.3,1.25
TXH,7/19/2022,12:45:30,23.02,NA,6.56,177.4,57,0.82,107.62,0.1,0,60.5,1.5
TXH,7/19/2022,12:47:58,22.52,NA,6.36,186.8,59,2.4,135.86,0.2,0,86.6,1.75
TXH,7/19/2022,12:51:24,21.34,NA,6.21,194.2,57.6,5.18,191.66,0.3,0,72.4,2
TXH,7/19/2022,12:53:48,19.86,NA,6.14,197,59.9,11.85,291.25,0.3,0,33.2,2.25
TXH,7/19/2022,12:57:20,18.54,NA,6.05,198.4,66.7,16.4,338.15,0.4,0,26,2.5
TXH,7/19/2022,12:59:47,16.92,NA,6.03,101.7,84.2,19.96,309.87,0.5,0,29,2.75
TXH,7/19/2022,13:00:51,15.29,NA,6.02,15.9,115.9,22.91,107.25,0.6,0.1,3.8,3
TXH,7/19/2022,13:02:07,14.07,NA,5.97,-9,132.9,21.89,94.58,0.7,0.2,2.9,3.25
TXH,7/19/2022,13:03:01,13.06,NA,5.93,-15.4,225.3,3900,16.62,8.3,0.3,3.1,3.5
TXH,7/19/2022,13:03:23,13.03,NA,5.93,-18.6,224.6,3900,16.85,10.7,0.2,1.9,3.75
TXH,7/25/2022,13:50:31,28.19,104.6,7.76,121.9,56.6,0.33,31.95,0.1,0.4,3663.2,0.25
TXH,7/25/2022,13:52:13,27.26,106.1,7.5,135.4,56.1,0.37,45,0.1,0.3,1243,0.5
TXH,7/25/2022,13:52:31,26.38,106.2,7.47,137.2,55.8,0.84,77.45,0.1,0.3,813.6,0.75
TXH,7/25/2022,13:52:47,25.88,104.7,7.39,141.5,56.2,0.93,108.65,0.1,0.2,76.2,1
TXH,7/25/2022,13:53:27,25.12,91.2,7.13,150.9,57.3,1.39,145.94,0.1,0.1,52.3,1.25
TXH,7/25/2022,13:53:47,24.44,74.8,7,154.8,58.3,1.6,165.52,0.2,0.1,56.9,1.5
TXH,7/25/2022,13:54:32,23.32,50.3,6.8,161.7,59.1,2.9,168.04,0.2,0.1,50.8,1.75
TXH,7/25/2022,13:54:52,22,46.6,6.73,165,58.4,6.55,228.65,0.2,0.1,57.6,2
TXH,7/25/2022,13:55:08,20.74,39.8,6.62,169.2,60.6,12.47,291.97,0.3,0,34.8,2.25
TXH,7/25/2022,13:55:24,19.44,31.7,6.52,173.5,65.9,15.3,402.16,0.4,0,20.3,2.5
TXH,7/25/2022,13:56:06,17.04,13.2,6.3,42.2,100.1,15.81,140.26,0.5,0,8.8,2.75
TXH,7/25/2022,13:56:24,15.82,9.3,6.23,-1.3,117.9,19.71,110.09,0.6,0,-2.1,3
TXH,7/25/2022,13:56:44,14.96,5.8,6.17,-18.6,129.4,22.07,102.7,0.8,0.1,-3.8,3.25
TXH,7/25/2022,13:57:16,14.58,3.2,6.11,-24.1,164.1,433.9,62.61,6.3,0.1,-2.7,3.5
TXH,7/25/2022,13:58:06,12.85,1,6.09,-30.1,242.6,2476,13.14,17,0.2,-1.4,3.75
TXH,8/4/2022,13:33:03,27.73,107.5,7.71,188.9,59.9,0.97,77.59,0.1,0.2,1050.3,0.25
TXH,8/4/2022,13:34:21,26.73,120.1,7.54,195.2,59.3,1.2,101.62,0.1,0.1,123.8,0.5
TXH,8/4/2022,13:34:47,25.64,121.3,7.44,199.7,59.8,1.24,135.79,0.1,0.1,117.8,0.75
TXH,8/4/2022,13:35:15,25.22,116.2,7.34,203.7,59.7,1.72,163.44,0.1,0.1,45.6,1
TXH,8/4/2022,13:36:07,24.37,100.2,7.13,210.5,59.8,2.1,201.1,0.1,0,53.5,1.25
TXH,8/4/2022,13:37:15,23.99,75.9,6.92,217.6,59.5,2.1,223.07,0.1,0,45.3,1.5
TXH,8/4/2022,13:38:21,23.39,49.5,6.7,223.1,58.6,5.11,274.12,0.2,0,31.2,1.75
TXH,8/4/2022,13:39:15,22.41,24.9,6.51,228.5,58,7.68,239.56,0.2,0,22.3,2
TXH,8/4/2022,13:39:59,20.85,13.8,6.36,234.7,63.2,18.98,514.06,0.3,0,10.5,2.25
TXH,8/4/2022,13:40:21,19.52,9.3,6.23,240.6,80,23.62,416.02,0.5,0,0.7,2.5
TXH,8/4/2022,13:40:45,17.67,5.9,6.12,174,111.9,18.3,140.41,0.6,0,-1.7,2.75
TXH,8/4/2022,13:41:05,15.8,4.3,6.07,63.2,129.3,19.6,114.74,0.8,0,-1.9,3
TXH,8/4/2022,13:41:35,15.16,2.3,6.01,13,141.5,22.69,161.58,1.2,0,1.7,3.25
TXH,8/4/2022,13:42:03,15.24,1.5,5.99,3,145,35.12,157.89,1.5,0,-0.6,3.5
TXH,8/11/2022,12:20:23,25.66,91.2,7.68,102.9,59.9,1.7,51.37,0.1,0.6,3553.6,0.25
TXH,8/11/2022,12:21:41,25.27,87.5,7.35,117.7,59.5,2.17,94.7,0.1,0.3,86.3,0.5
TXH,8/11/2022,12:22:16,24.49,82.8,7.23,124.2,59.6,2.22,132.67,0.1,0.2,654.1,0.75
TXH,8/11/2022,12:22:36,24.25,81.5,7.16,127.7,59.8,3.53,202.75,0.1,0.2,398.4,1
TXH,8/11/2022,12:23:42,24.04,62.5,6.94,137.6,59.8,1.82,120.91,0.1,0.1,223.3,1.25
TXH,8/11/2022,12:24:06,23.84,58.7,6.87,141.1,60.1,1.95,103.28,0.1,0.1,126.2,1.5
TXH,8/11/2022,12:24:36,23.54,52.9,6.82,143.7,60.5,2.18,146.67,0.1,0.1,108.9,1.75
TXH,8/11/2022,12:24:58,22.45,45.6,6.64,150,61.4,11.42,242.59,0.2,0.1,58.2,2
TXH,8/11/2022,12:25:32,21.36,26.9,6.47,155.8,66.4,15.77,365.87,0.3,0,41.2,2.25
TXH,8/11/2022,12:26:02,19.36,17.3,6.33,161.7,94.5,17.59,153.4,0.4,0,15.3,2.5
TXH,8/11/2022,12:26:26,17.65,11.3,6.22,120.1,116.9,16.04,93.26,0.4,0,1.2,2.75
TXH,8/11/2022,12:26:50,16.72,7.3,6.11,52.5,131.4,32.11,128.57,0.6,0,1.8,3
TXH,8/11/2022,12:27:12,16.16,5.4,6.06,29.1,168.2,33.89,126.78,1.1,0,-0.5,3.25
TXH,8/11/2022,12:27:42,14.79,3.9,6.01,15.5,194.2,3833,14.11,3.7,0,-0.4,3.5
TXH,8/16/2022,12:57:51,23.73,107.3,7.54,52.9,60.6,1.18,48.66,0.2,1,2819.5,0.25
TXH,8/16/2022,13:00:11,23.44,115.8,7.36,77.6,60.1,1.32,72.47,0.2,0.8,952.9,0.5
TXH,8/16/2022,13:00:59,22.82,116,7.28,84.5,60.1,2.75,144.17,0.2,0.7,660.9,0.75
TXH,8/16/2022,13:02:15,22.57,98.2,7.09,93,60.7,3.03,242.78,0.2,0.5,501.7,1
TXH,8/16/2022,13:03:35,22.33,71.5,6.85,100.3,61.2,1.58,133.93,0.2,0.3,381.2,1.25
TXH,8/16/2022,13:04:51,22.13,60.8,6.76,105.9,61.1,1.41,150.37,0.2,0.3,175.5,1.5
TXH,8/16/2022,13:05:57,21.88,42.3,6.62,109.7,61.4,1.68,104.11,0.2,0.3,88.3,1.75
TXH,8/16/2022,13:07:05,21.44,19.9,6.44,113.1,62.5,4.5,170.75,0.3,0.2,65.2,2
TXH,8/16/2022,13:08:09,20.75,8.4,6.28,116.3,71.3,9.61,239.67,0.4,0.1,39.8,2.25
TXH,8/16/2022,13:09:07,19.58,4,6.09,101.6,96.4,19.42,151.09,0.6,0.1,19.6,2.5
TXH,8/16/2022,13:10:11,18,1.3,6.01,56,117.8,19.4,106.2,0.7,0.1,-6.3,2.75
TXH,8/16/2022,13:11:11,16.47,0.5,5.89,43.6,134.3,16.74,90.5,0.8,0,-11,3
TXH,8/16/2022,13:12:07,15.13,0.1,5.82,41.9,159.7,39.68,108.17,1.7,0,-10,3.25
TXH,8/16/2022,13:12:41,15,0,5.8,40.2,167.1,21.07,150.53,2.1,0,-11.3,3.5
TXH,8/16/2022,13:13:21,14.91,0,5.79,38.2,170.9,33.25,129.79,2.4,0.1,-10.2,3.75
TXH,8/23/2022,11:53:50,23.33,96.1,7.57,197.8,54.7,0.43,81.06,0.2,0.7,914.5,0.25
TXH,8/23/2022,11:54:44,23.29,94.5,7.41,202.4,54.5,0.35,105.01,0.2,0.6,246,0.5
TXH,8/23/2022,11:55:30,23.12,87.5,7.24,209.1,54.6,0.66,121.16,0.2,0.4,163.4,0.75
TXH,8/23/2022,11:56:26,22.7,69.3,6.89,222.2,55.6,1.47,145.18,0.3,0.2,84,1
TXH,8/23/2022,11:57:18,22.44,54.8,6.71,227.1,56.1,1.47,173.95,0.3,0.2,59.1,1.25
TXH,8/23/2022,11:58:04,22.03,37.3,6.56,231.3,58.4,1.29,154.77,0.3,0.1,35.3,1.5
TXH,8/23/2022,11:58:44,21.64,24.2,6.52,231,59.5,2.73,170.39,0.3,0.1,22.6,1.75
TXH,8/23/2022,11:59:46,21.03,11.5,6.44,231.2,61.8,4.55,187.88,0.3,0.1,19.7,2
TXH,8/23/2022,12:00:36,20.41,6.5,6.28,236.5,68.1,6.38,215.9,0.4,0.1,15.8,2.25
TXH,8/23/2022,12:01:18,19.58,3.9,6.09,242.4,85.6,12.31,142.71,0.6,0.1,10.3,2.5
TXH,8/23/2022,12:02:02,18.42,2.2,5.94,225.6,115,19.1,115.18,0.8,0,2.6,2.75
TXH,8/23/2022,12:02:38,17.28,1.4,5.87,179.2,131.3,19.71,95.85,0.9,0,0.1,3
TXH,8/23/2022,12:03:22,15.98,0.7,5.77,125.6,152.1,19.06,108.3,1.7,0,-0.5,3.25
TXH,8/23/2022,12:04:02,15.21,0.3,5.75,88.9,172.9,20.22,152.4,2.3,0,-1.4,3.5
TXH,8/23/2022,12:04:48,15.32,0.2,5.77,53.2,190.8,30.87,100.94,3.2,0.1,-4.3,3.75
TXH,8/23/2022,12:05:18,15.13,0.1,5.81,39.8,205,69.87,174.46,3.4,0.2,-2,4
TXH,9/5/2022,12:11:29,22.34,85.3,7.67,193.8,55.4,0.73,103.98,0.3,0.6,390.6,0.25
TXH,9/5/2022,12:13:59,22.35,74,7.26,205,55.5,0.89,103.41,0.3,0.4,46,0.5
TXH,9/5/2022,12:15:03,22.3,68.2,7.15,208.2,55.8,0.81,95.13,0.3,0.3,47,0.75
TXH,9/5/2022,12:16:25,22.06,56.5,6.99,212.7,55.5,0.8,113.93,0.3,0.3,19.9,1
TXH,9/5/2022,12:17:59,21.79,48.3,6.87,216.5,56.6,0.93,117.43,0.3,0.2,11.9,1.25
TXH,9/5/2022,12:20:01,21.46,28.5,6.7,221.7,56.6,0.74,92.6,0.3,0.2,5.3,1.5
TXH,9/5/2022,12:21:18,21.08,12.8,6.58,224.3,57.7,1.18,130.85,0.3,0.2,3.6,1.75
TXH,9/5/2022,12:22:08,20.72,6.6,6.5,225.5,60.1,3.89,177.2,0.3,0.1,-1,2
TXH,9/5/2022,12:23:18,20.29,2.7,6.33,230.9,67.1,3.4,177.78,0.4,0.1,1.2,2.25
TXH,9/5/2022,12:24:16,19.35,1.3,6.08,237.7,93.1,11.65,88.21,0.7,0.1,-1.7,2.5
TXH,9/5/2022,12:25:00,18.43,0.6,5.96,217.7,119.2,20.39,81.8,1,0,-2.7,2.75
TXH,9/5/2022,12:26:50,17.44,0,5.85,104.6,141.7,20.33,78.3,1.7,0,-4.6,3
TXH,9/5/2022,12:28:04,16.2,0,5.77,72.4,170.1,20.06,90.67,2.7,0,-2.7,3.25
TXH,9/5/2022,12:28:40,16.04,0,5.77,62.7,179,18.89,111.23,3,0.1,-3.1,3.5
TXH,9/5/2022,12:29:26,15.9,0,5.82,49,197.7,719.7,63.24,3.2,0.1,-4.5,3.75
TXH,9/14/2022,10:46:16,20.74,58.4,6.45,212.8,53.8,0.31,48.21,0.4,0.4,2089.5,0.25
TXH,9/14/2022,10:47:54,20.71,55.6,6.39,217.2,53.8,0.52,51.69,0.4,0.3,1120,0.5
TXH,9/14/2022,10:50:26,20.46,45.4,6.32,223.4,54.1,0.83,107.34,0.4,0.3,534,0.75
TXH,9/14/2022,10:52:01,20.34,40.6,6.29,225.9,53.7,0.5,96.65,0.4,0.3,330.3,1
TXH,9/14/2022,10:53:47,20.32,33.7,6.25,228.8,54.4,0.8,96.88,0.4,0.3,148.9,1.25
TXH,9/14/2022,10:55:01,20.22,34.5,6.24,230.9,54.6,0.66,95.02,0.4,0.3,124.7,1.5
TXH,9/14/2022,10:56:05,20.15,33.4,6.24,231.8,53.9,0.51,92.75,0.4,0.3,77.7,1.75
TXH,9/14/2022,10:57:27,19.98,30.3,6.21,234.1,54.4,0.65,82.71,0.4,0.2,40.5,2
TXH,9/14/2022,10:58:25,19.78,30.3,6.21,235.1,54.2,1.18,64.31,0.4,0.3,24.4,2.25
TXH,9/14/2022,11:18:43,19.9,25.7,6.06,197.7,62.9,1.58,154.44,0.4,0.3,21.9,2.25
TXH,9/14/2022,11:20:15,19.41,14.4,5.87,203.4,74.8,7.22,128.13,0.7,0.2,11.9,2.5
TXH,9/14/2022,11:21:20,18.72,6.3,5.8,194.2,109.9,12.35,102.57,1,0.1,-2.5,2.75
TXH,9/14/2022,11:22:04,17.64,3.9,5.76,176.7,138.8,17.64,81.08,1.8,0.1,-9,3
TXH,9/14/2022,11:23:08,16.68,1.7,5.72,144,169,15.09,78.58,3.1,0.1,-10.6,3.25
TXH,9/14/2022,11:24:08,16.26,1,5.74,115.8,184.8,18.08,86.84,3.4,0.2,-11,3.5
TXH,9/14/2022,11:24:48,15.89,0.7,5.75,101,192.8,18.62,120.54,3.4,0.2,-10.6,3.75
TXH,9/14/2022,11:26:06,15.63,0.2,5.84,61.4,266.8,773.3,71.19,3.6,0.3,-11.7,4
TXH,9/22/2022,10:45:10,19.68,80.3,6.99,235.6,54.9,0.42,120.62,0.5,0.2,740.9,0.25
TXH,9/22/2022,10:46:12,19.67,72.5,6.76,246.3,54.8,0.55,124.76,0.6,0.1,124.1,0.5
TXH,9/22/2022,10:47:16,19.68,69.3,6.71,247.4,54.8,0.44,100.1,0.6,0.1,416.7,0.5
TXH,9/22/2022,10:47:54,19.66,68.2,6.65,250.2,54.8,0.87,121.29,0.6,0.1,459.9,0.75
TXH,9/22/2022,10:49:00,19.41,63.2,6.57,253.2,54.9,1.09,112.08,0.6,0.1,113.2,1
TXH,9/22/2022,10:50:14,18.88,53.7,6.51,254.9,55.4,0.74,82.71,0.6,0.1,104.8,1.25
TXH,9/22/2022,10:51:20,18.72,44.3,6.47,256,55.6,0.75,71.7,0.5,0.1,73.7,1.5
TXH,9/22/2022,10:52:12,18.68,36.9,6.44,256.6,55.6,0.64,78.57,0.5,0.1,48,1.75
TXH,9/22/2022,10:53:14,18.48,26.9,6.38,258.2,56,0.9,64.19,0.5,0.1,39.9,2
TXH,9/22/2022,10:54:10,18.35,14.8,6.31,260.6,57,1.09,71.21,0.5,0.1,9.7,2.25
TXH,9/22/2022,10:55:28,18.18,6.5,6.16,265.6,61.2,2.17,79.79,0.6,0.1,21,2.5
TXH,9/22/2022,10:56:10,17.95,4.1,6.05,268.4,73.8,4.04,98.97,0.8,0,11.6,2.75
TXH,9/22/2022,10:57:22,17.56,2.5,5.89,240.9,101.4,9.41,75.47,1.7,0,6.7,3
TXH,9/22/2022,10:58:15,16.95,1.8,5.8,197.1,150.3,13.91,77.36,2.6,0,3.4,3.25
TXH,9/22/2022,10:59:13,16.37,1.4,5.8,125,178.1,14.84,82.32,2.9,0,-2.7,3.5
TXH,9/22/2022,10:59:49,16.24,1.3,5.81,90.1,186.5,15.39,122.78,3,0.1,-0.9,3.75
TXH,9/22/2022,11:00:31,15.87,1.3,5.85,59.4,237.4,46.67,148.9,3.1,0.1,-4.5,4
TXH,9/29/2022,12:32:01,14.95,59.8,7.26,262.3,57.3,1,41.82,0.6,0.8,3923.5,0.25
TXH,9/29/2022,12:33:43,14.93,49.5,7.01,269.6,57.4,1.1,50.9,0.5,0.6,2155.2,0.5
TXH,9/29/2022,12:35:33,14.85,46.4,6.86,272.4,57.5,1.05,69.24,0.5,0.5,846.2,0.75
TXH,9/29/2022,12:37:07,14.83,45.9,6.81,272.2,57.5,1.17,82.04,0.5,0.5,365.6,1
TXH,9/29/2022,12:38:01,14.71,43.6,6.75,273.7,57.5,1.41,116.1,0.5,0.5,397.9,1.25
TXH,9/29/2022,12:39:01,14.69,40.3,6.69,274.9,57.5,1.27,104.85,0.5,0.4,206.2,1.5
TXH,9/29/2022,12:40:05,14.65,37.3,6.65,275.8,57.5,1.34,101.01,0.5,0.4,69.2,1.75
TXH,9/29/2022,12:41:05,14.64,35.7,6.61,276.8,57.5,1.04,103.35,0.5,0.4,17.4,2
TXH,9/29/2022,12:42:09,14.63,34.7,6.57,277.8,57.5,1.04,100.59,0.5,0.3,9,2.25
TXH,9/29/2022,12:44:05,14.61,33.9,6.53,278.5,57.5,1.32,91.96,0.5,0.3,3.4,2.5
TXH,9/29/2022,12:45:25,14.61,33.9,6.51,278.6,57.6,1.19,84.76,0.5,0.3,2.3,2.75
TXH,9/29/2022,12:47:51,14.58,32.5,6.47,279.2,57.5,1.44,73.71,0.5,0.3,0,3
TXH,9/29/2022,12:48:59,14.56,31.9,6.46,278.8,57.4,1.5,76.14,0.5,0.3,-2.8,3.25
TXH,9/29/2022,12:50:04,14.47,30.1,6.44,279.3,57.3,1.94,70,0.5,0.3,3.8,3.5
TXH,9/29/2022,12:51:02,14.52,28.4,6.41,278.7,226.5,6.53,145.02,0.6,0.3,2.2,3.75
TXH,9/29/2022,12:52:06,14.48,25.9,6.1,278.4,278.8,3111,153.27,1.3,0.2,-4.2,4
TXH,10/5/2022,11:54:50,14.09,77,7.72,208.5,56.3,0.55,27.1,0.8,1.3,3443.9,0.25
TXH,10/5/2022,11:55:54,13.3,64.5,7.38,227.5,56.7,0.57,37.5,0.7,1.1,40.8,0.5
TXH,10/5/2022,11:56:36,13.1,60.9,7.22,235.2,56.3,0.81,70.85,0.8,0.8,32.4,0.75
TXH,10/5/2022,11:57:08,12.92,59.7,7.15,238.4,56.2,1.18,124.18,0.8,0.8,57.1,1
TXH,10/5/2022,11:57:56,12.83,57.6,7.05,241.9,56.3,1.4,116.96,0.8,0.7,45.9,1.25
TXH,10/5/2022,11:58:40,12.78,55.1,7,242.6,56.3,0.71,109.63,0.8,0.7,53.5,1.5
TXH,10/5/2022,11:59:18,12.73,53.5,6.96,243.7,56.2,0.99,151.25,0.8,0.6,102.3,1.75
TXH,10/5/2022,11:59:52,12.71,52.8,6.95,243.4,56.3,1.11,121.93,0.7,0.7,62.7,2
TXH,10/5/2022,12:00:28,12.66,51.7,6.95,241.9,56.3,1.37,88.39,0.7,0.7,30.4,2.25
TXH,10/5/2022,12:00:56,12.62,50.4,6.94,241.7,56.3,1.23,83.7,0.7,0.7,25.1,2.5
TXH,10/5/2022,12:01:36,12.6,49,6.9,242.7,56.2,0.78,107.59,0.6,0.7,15.3,2.75
TXH,10/5/2022,12:02:08,12.58,48.5,6.87,243.3,56.3,1.28,105,0.6,0.7,9.7,3
TXH,10/5/2022,12:02:54,12.48,46.6,6.83,244.8,56.1,0.98,91.27,0.7,0.6,4.3,3.25
TXH,10/5/2022,12:03:22,12.36,45.2,6.8,245.5,56,1.78,81.49,0.7,0.6,4,3.5
TXH,10/5/2022,12:03:54,12.37,43.2,6.75,246.4,57.3,35.48,144.88,0.9,0.6,-0.2,3.75
TXH,10/5/2022,12:04:24,12.62,42,6.66,249.7,64.2,19.63,142.31,1.2,0.6,-3.7,4
TXH,10/14/2022,11:49:20,12.96,70.4,7.05,204.1,55.1,1.26,38.98,0.6,0.6,3336.3,0.25
TXH,10/14/2022,11:50:14,12.81,70.5,6.96,209.2,55,1.37,69.74,0.7,0.4,1120.3,0.5
TXH,10/14/2022,11:51:09,12.67,70.7,6.93,211.8,55.1,1.46,125.17,0.7,0.4,29.8,0.75
TXH,10/14/2022,11:52:22,12.3,68.6,6.9,214.6,55,1.57,155.22,0.7,0.4,119.1,1
TXH,10/14/2022,11:53:55,12.23,62.1,6.87,216.1,55.1,1.45,167.91,0.7,0.4,103.7,1.25
TXH,10/14/2022,11:54:56,12.12,57.2,6.84,217.4,55.2,1.34,132.54,0.6,0.3,132.9,1.5
TXH,10/14/2022,11:56:39,12.08,51.8,6.81,218.8,55.3,1.19,117.63,0.6,0.4,62.7,1.75
TXH,10/14/2022,11:57:51,12.07,52,6.79,220.2,55.3,1.36,126.18,0.6,0.3,35.3,2
TXH,10/14/2022,11:58:55,12,49.2,6.75,222.4,55.4,1.71,103.27,0.6,0.3,17.5,2.25
TXH,10/14/2022,11:59:45,11.97,39.2,6.7,224.3,55.3,1.31,98.75,0.6,0.3,6.9,2.5
TXH,10/14/2022,12:00:44,11.94,35.5,6.66,225.8,55.6,1.68,80.55,0.6,0.3,1.4,2.75
TXH,10/14/2022,12:01:54,11.94,28.7,6.62,227,55.7,1.93,82.2,0.6,0.3,-3.7,3
TXH,10/14/2022,12:02:55,11.92,26.3,6.61,227,55.7,2.14,73.16,0.6,0.3,-4.5,3.25
TXH,10/14/2022,12:03:57,11.71,34.2,6.66,225.5,54.5,1.66,76.92,0.6,0.3,-5.6,3.5
TXH,10/14/2022,12:04:57,11.91,29.2,6.43,228.7,111.4,1886,17.92,1.5,0.2,-4.5,3.75
TXH,10/14/2022,12:05:55,12.03,15.5,6.42,225.9,173.5,2716,13.47,1.8,0.2,-9,4
TXH,10/27/2022,11:57:35,12.27,87,7.71,204.7,54.6,81.06,83.62,0.7,1.5,4265.8,0.25
TXH,10/27/2022,11:59:15,12.27,86.4,7.64,204.6,54.5,86.35,120.26,0.7,1.3,650.2,0.5
TXH,10/27/2022,12:00:13,12.28,86.4,7.59,205.3,54.5,92.74,135.59,0.7,1.2,136.9,0.75
TXH,10/27/2022,12:01:31,12.24,86.2,7.56,204.4,54.4,98.63,148.84,0.6,1.2,113.7,1
TXH,10/27/2022,12:02:54,10.86,90.6,7.53,205.4,54.9,103.8,202.86,0.6,1,47.8,1.25
TXH,10/27/2022,12:04:18,9.32,87.2,7.48,207.6,54.7,101.2,128.2,0.7,0.9,148.3,1.5
TXH,10/27/2022,12:05:38,8.99,78.8,7.44,208.5,54.6,113.8,124.92,0.6,0.9,30.2,1.75
TXH,10/27/2022,12:07:40,8.75,70.7,7.38,208.3,54.7,103.6,114.4,0.6,0.9,14.9,2
TXH,10/27/2022,12:08:26,8.65,67.6,7.35,209.1,54.6,119,123.27,0.6,0.9,10.8,2.25
TXH,10/27/2022,12:09:18,8.56,60.6,7.31,209.4,54.7,104.7,115.58,0.6,0.9,6.1,2.5
TXH,10/27/2022,12:10:20,8.52,50.8,7.23,210.8,54.8,107.3,102.94,0.6,0.8,18.3,2.75
TXH,10/27/2022,12:11:30,8.5,36.6,7.17,211.9,54.8,105.6,112.45,0.6,0.8,9.3,3
TXH,10/27/2022,12:12:54,8.51,33.2,7.13,211.1,54.9,108.6,110.1,0.6,0.8,5.4,3.25
TXH,10/27/2022,12:14:04,8.54,26.2,7.07,211,61.9,107.1,113.6,1.2,0.8,0.2,3.5
TXH,10/27/2022,12:15:14,8.82,16,6.55,136.6,100,107.4,15.93,1.3,0.4,3.7,3.75
TXH,11/4/2022,11:18:32,10.51,86.7,8.47,120.4,54.5,264.3,83.77,0.9,4.2,1500.4,0.25
TXH,11/4/2022,11:19:30,10.55,85.2,8.07,147.3,54.5,266.5,75.36,0.9,2.8,70.3,0.5
TXH,11/4/2022,11:20:16,10.45,84.6,7.92,157.5,54.4,268.1,112.79,0.8,2.2,36,0.75
TXH,11/4/2022,11:20:48,10.36,84.1,7.85,161.3,54.5,269.6,161.92,0.8,2,34.7,1
TXH,11/4/2022,11:21:44,9.98,78.7,7.61,173.3,54.5,271.2,193.99,1.1,1.1,41.5,1.25
TXH,11/4/2022,11:22:27,9.83,74.4,7.53,176.3,54.6,272.5,148.64,1.1,1,54.1,1.5
TXH,11/4/2022,11:23:34,9.41,61,7.35,182.3,54.8,274.4,145.34,1.2,0.7,46.6,1.75
TXH,11/4/2022,11:24:16,9.07,53.3,7.32,183.4,54.9,275.3,165.35,1.2,0.7,31,2
TXH,11/4/2022,11:25:17,9.02,49.3,7.29,182.3,54.7,276.7,151.24,1.1,0.7,25.5,2.25
TXH,11/4/2022,11:26:08,8.98,47,7.28,180.4,54.6,276.6,140.87,0.9,0.8,12.1,2.5
TXH,11/4/2022,11:26:47,8.93,43.2,7.24,180.3,54.8,277.6,128.38,0.9,0.8,5.2,2.75
TXH,11/4/2022,11:27:43,8.92,41.1,7.18,181.7,54.8,279,132.41,0.9,0.7,5.1,3
TXH,11/4/2022,11:28:49,8.9,40.3,7.11,183.4,54.8,280,124.77,0.9,0.6,3.3,3.25
TXH,11/4/2022,11:30:09,8.94,26.4,7.01,184.2,55.3,281.8,12.97,2,0.3,1,3.5
TXH,11/4/2022,11:31:11,9.09,12.9,6.46,132.5,168.6,282.3,14.58,2.8,0.3,-2.2,3.75
TXH,11/4/2022,11:32:12,9.1,6.1,6.47,22.8,173.7,284.4,18.38,2.9,0.4,-4.3,4
TXH,11/15/2022,13:21:18,6.75,83.3,8.29,190.2,50.7,68.7,140.05,0.7,1.8,356,0.25
TXH,11/15/2022,13:22:24,6.76,74.4,7.8,210.5,50.6,73.79,156.28,0.8,1.1,31.7,0.5
TXH,11/15/2022,13:23:10,6.76,71.7,7.6,219.9,50.6,83.02,156.56,0.9,0.8,5.8,0.75
TXH,11/15/2022,13:23:44,6.77,70.4,7.54,222.1,50.6,93.46,174.8,0.9,0.7,14.2,1
TXH,11/15/2022,13:24:22,6.76,69.4,7.47,225,50.6,90.41,167.59,0.9,0.6,4.2,1.25
TXH,11/15/2022,13:24:50,6.76,69,7.4,228,50.6,91.33,153.39,1,0.5,3,1.5
TXH,11/15/2022,13:25:34,6.74,68.4,7.41,226.1,50.6,78.92,180.81,0.8,0.6,-0.1,1.75
TXH,11/15/2022,13:26:14,6.73,67.9,7.44,224,50.6,96.51,165.07,0.7,0.7,-2.3,2
TXH,11/15/2022,13:26:48,6.69,67.3,7.46,222.4,50.6,119.8,162.75,0.7,0.8,-3.2,2.25
TXH,11/15/2022,13:27:18,6.69,66.5,7.47,220.9,50.6,121.7,181.4,0.6,0.9,-1.1,2.5
TXH,11/15/2022,13:28:08,6.67,65,7.47,219.9,50.6,130.3,185.29,0.6,0.9,-5.4,2.75
TXH,11/15/2022,13:28:50,6.63,64.3,7.46,219.5,50.7,107.2,155.55,0.5,0.9,-2.4,3
TXH,11/15/2022,13:29:18,6.63,64.1,7.46,219,50.7,107.8,175.72,0.5,1,-4.5,3.25
TXH,11/15/2022,13:29:44,6.6,63.7,7.45,218.5,50.8,105.2,164.09,0.5,1,-4.1,3.5
TXH,11/15/2022,13:30:32,6.8,52,7.29,224.1,56,104,32.24,1,0.7,-6.2,3.75
TXH,11/15/2022,13:31:14,7.16,49.1,7.19,224.6,115.6,102.6,20.68,1.2,0.7,-4.5,4
